Date,CVS,HOLX,TMO,XLV
2024-01-02,100.0,100.0,100.0,100.0
2024-01-03,100.03711652075873,99.87579859366862,97.1827569642404,99.83429489802414
2024-01-04,99.57949080185226,100.56583448425303,98.75216595529125,100.33148976604198
2024-01-05,100.70502784669296,100.67623222462134,97.62564346592576,100.24499440792165
2024-01-08,99.78975573691075,98.44052267775957,99.49092714173361,101.13129336133919
2024-01-09,99.39398054995087,99.5307806483764,99.5773057547818,101.1169039890159
2024-01-10,98.00866920373745,99.130558568344,99.95954776569127,101.57804586413523
2024-01-11,97.62523518240998,99.95859953122287,100.33996129949192,101.50600807441556
2024-01-12,94.69389826517734,100.4002220800324,100.0312308404945,101.25380761431934
2024-01-16,95.7575744420868,100.59343128706708,99.60486835416292,100.6485333296962
2024-01-17,95.22573635363207,100.81424782602791,99.09949759769712,100.44677523482181
2024-01-18,91.3791169906326,101.5042837166123,100.04959461985283,100.43235176445984
2024-01-19,91.38537026132573,101.46287271872309,101.3966630518502,100.4900001818562
2024-01-22,92.27150523047334,102.18051594123365,101.69805702862087,100.92954663247771
2024-01-23,93.73176280114279,103.10516150762987,101.21102747772193,100.85749747674512
2024-01-24,92.59601380350074,102.24951321282482,99.2354934043896,99.93516826245488
2024-01-25,89.85018713816947,102.31852101352811,98.90838787913812,99.78385253280231
2024-01-26,91.11078449399722,102.69114629074647,100.58437902660005,100.35309655655273
2024-01-29,91.7098581623839,103.47778678484822,102.50298199785277,101.05925557161952
2024-01-30,92.17165961907556,103.40877898414496,104.22124256983653,101.28984924120499
2024-01-31,92.82066642914573,102.73254675952361,99.04985783026135,101.15292288387572
2024-02-01,92.2590193610563,102.69114629074647,101.48485885511147,102.46435618356567
2024-02-02,91.22310563882742,99.97240319718594,101.40953011298635,102.31302908790019
2024-02-05,90.41184454224353,99.42037237889599,101.37275740668672,102.63007265155441
2024-02-06,92.05932813826074,102.35992148230524,102.96425485268794,103.74695390854451
2024-02-07,94.9174759484222,101.9182989334957,101.49955439335645,104.0279785773389
2024-02-08,93.70681173427796,101.3386713123917,101.23860136399878,103.84781590696237
2024-02-09,95.254460054882,101.35247497835478,101.21287852862221,103.76854933304236
2024-02-12,96.4650932610724,102.20811274404771,100.49801170044759,103.90547569037163
2024-02-13,95.59144416134183,101.11785477343088,98.98004838014988,102.93993289505987
2024-02-14,95.36678119971221,100.95225289832237,100.75712496580071,103.83341516862616
2024-02-15,95.60390935878962,101.84930166190453,100.81226145145867,104.59001654891478
2024-02-16,96.22796510199498,101.83549799594145,100.67811669566646,104.92868963510553
2024-02-20,95.24195351349574,102.92575596655828,100.73323060753296,104.57562717659148
2024-02-21,96.2903737771109,104.63704202705624,101.59881135443652,104.80618674813824
2024-02-22,96.22796510199498,104.71984296461049,103.00283346230492,106.03836483992109
2024-02-23,96.3527617802576,105.09246824182885,103.77835606815118,106.5427543941006
2024-02-26,95.39174260256165,103.24316657992433,103.55231340729712,105.9951398928867
2024-02-27,95.19204104378147,104.00221027121204,104.04665686663132,105.73571064859016
2024-02-28,93.84410461794221,102.29092421071407,105.12359602303971,105.20971430389991
2024-02-29,92.82066642914573,101.84930166190453,104.78357828906914,104.35222819316768
2024-03-01,92.15916341367391,101.64228878890678,105.91379159333947,105.44749129363413
2024-03-04,92.22159276075907,102.95335276937232,106.8896227377675,105.28895814579413
2024-03-05,91.99691946314482,101.79409752716433,107.43542315475057,104.50355528883313
2024-03-06,92.7832398288485,103.78139373225122,108.70160969192193,105.21692035607447
2024-03-07,92.73329635118037,105.32707791764065,109.83365147330106,105.70688643989197
2024-03-08,93.69433620084554,106.33453495070322,109.8244865139655,105.51234576320503
2024-03-11,94.7801623927887,105.34088158360373,110.15893980833948,105.45469734580868
2024-03-12,93.86906602079166,104.38862868528136,109.75832273117594,105.94467479563909
2024-03-13,93.70681173427796,105.34088158360373,109.0360968469831,105.53396391972866
2024-03-14,95.37924639716,103.97460293928586,107.56124946838722,105.1592605726652
2024-03-15,96.60238614473666,104.76125396249974,107.42151769920693,104.74134364458023
2024-03-18,96.81456323694924,105.36847838641779,106.66754177731588,104.72904561862934
2024-03-19,97.42613311073757,105.31327425167758,107.15853302861724,105.42328168617074
2024-03-20,98.5743886497659,103.56058772240249,106.66754177731588,105.18465224546951
2024-03-21,97.68821233667981,104.22301628106074,107.41781559740635,105.3220559753403
2024-03-22,97.9503225705759,103.86420519891757,107.22657043609856,105.17741209525629
2024-03-25,98.5743886497659,104.40243235124444,105.47406542245947,105.03277958118515
2024-03-26,98.99872216222182,105.12006504464291,104.60241232565133,105.41606426798332
2024-03-27,99.13599437391686,106.74855016758661,106.54249425948483,106.81899397146677
2024-03-28,99.54788336089425,107.59039479642855,106.88086410667832,106.83346290588031
2024-04-01,99.29825899641517,105.05106777305173,106.18942887404637,105.9222723842258
2024-04-02,92.1342226827937,104.99586363831153,105.10629321188031,104.27346172381498
2024-04-03,93.10773806589128,106.99696350936148,105.9227759623433,104.15774434654519
2024-04-04,92.23405795820686,106.65194556406928,104.93158335282205,102.65354346817972
2024-04-05,93.08277666304183,107.61800212835473,106.55906342242156,103.57197414004746
2024-04-08,92.9080365071111,106.78995063636374,106.43767285880816,103.23932504069033
2024-04-09,91.56010008127184,108.21143341542181,108.35015833257336,103.60814079307492
2024-04-10,88.80179788250817,107.10737177884188,105.50165059563206,102.3932049428517
2024-04-11,87.04199314166077,107.3419814546537,105.65980257864935,101.97377633505187
2024-04-12,85.66910048096437,106.72095336477257,103.94223050730534,100.45512925429863
2024-04-15,86.06847775856318,107.01076717532456,102.58878497921857,100.25264373459906
2024-04-16,86.15584783652854,103.65719232591981,101.97824292830835,100.28878765560071
2024-04-17,85.61915183530394,103.39497531818186,100.63582469735317,100.11524000472826
2024-04-18,86.60514791982625,103.64338865995674,99.58213654615574,100.10802258654081
2024-04-19,87.89683074938885,104.02980707402607,100.18162872614289,100.48405575711286
2024-04-22,87.74562563043045,105.1890728453462,100.8436390215977,100.86731771188522
2024-04-23,86.32163186178887,106.52774415773789,105.66348210665846,102.18350200496467
2024-04-24,85.40170339093682,105.86530506996752,106.1783790031233,101.86528774198243
2024-04-25,84.8472294961714,104.48523328879871,105.13754662616628,101.18552060885457
2024-04-26,84.65819467351571,104.85785856601706,105.4814244784777,101.21445847768169
2024-04-29,84.99842427914518,105.7548968004871,106.0864359504785,101.55433636123917
2024-04-30,85.32608532748068,104.56803422635295,104.58402597250152,101.48202578721006
2024-05-01,70.9601571565789,105.27187378290044,105.73705009304916,101.66281358829575
2024-05-02,69.49835435620925,104.76125396249974,105.04927181463486,101.59049164825373
2024-05-03,70.44348712554924,105.63069539415572,105.25708613887939,101.84360138938142
2024-05-06,70.53169958626087,104.78885076531377,105.47221437155918,102.2558012129809
2024-05-07,70.24186307363036,105.02346044112558,105.34717814062388,103.10192131081955
2024-05-08,69.19591827833091,104.69224616179645,105.48877224760018,102.7475744928485
2024-05-09,70.16625017816654,104.54043742353892,106.27769239868205,103.62982714567592
2024-05-10,70.3426802675821,103.69859279469695,109.05449448702865,103.83955281558872
2024-05-13,71.1617863764901,104.29202408176404,108.6260100642992,103.73831573874537
2024-05-14,70.56950861798893,104.40243235124444,109.3799634123988,104.17944206515908
2024-05-15,70.8971489943552,103.31217438062761,110.15600521544877,105.72700428271366
2024-05-16,72.48496295117994,103.43637578695899,109.81213865003309,105.60406948725642
2024-05-17,72.68659217109114,103.53298039047634,109.47191775193932,105.8065663729689
2024-05-20,72.33374232824463,103.29837071466454,109.23471235120485,105.58238313465542
2024-05-21,72.23292513429287,102.88435549778114,108.51934889961797,105.7631709357411
2024-05-22,72.38414058923588,103.24316657992433,108.644396417449,105.95119888704001
2024-05-23,70.12845148242309,102.11150814053039,107.58333792333761,104.79412740845812
2024-05-24,69.98982525674327,101.84930166190453,107.40313134605712,104.43979195649999
2024-05-28,67.58290002301823,101.24206670887436,105.29201908117444,103.17423188484864
2024-05-29,67.6333034520018,99.90339539648267,104.32290363970785,102.3715072242378
2024-05-30,70.6199120469725,100.16561240422061,103.48801196230357,102.4221541776917
2024-05-31,75.106116970064,101.82169432997836,104.44793987064314,103.91909217381816
2024-06-03,75.87482481798072,102.856748165855,104.74216666862306,104.64949489438702
2024-06-04,75.9378278122121,103.0223605700756,104.75872454466406,104.95322885694283
2024-06-05,76.49230170697753,102.47032975178566,105.79038067538977,105.43051047037109
2024-06-06,76.79473778485585,103.2017661111472,106.62892930701169,105.77762850414179
2024-06-07,77.85328214540311,102.82915136304094,106.85879822551941,105.89334588141158
2024-06-10,75.96302694270774,102.08391133771633,106.93049258721837,106.28385935241005
2024-06-11,75.61017709986122,100.60723495303017,105.90254984518894,105.84271029397057
2024-06-12,75.59758270260572,100.02760733192615,105.86576585199359,105.61854978768288
2024-06-13,76.90815971204773,99.55837745119047,105.3030689520975,105.53174754721442
2024-06-14,75.88741404724392,99.07535443360379,105.26807957532378,105.49560362621276
2024-06-17,76.98376227152693,98.57852775005405,104.52281713693894,105.38712639915619
2024-06-18,76.88294507757519,98.63373188479426,104.73811467305474,105.52453012902699
2024-06-20,76.87035584831199,99.6549820547078,102.53724901329957,105.87164816279768
2024-06-21,77.33661211437347,100.84184462884195,103.89713935885014,106.16815334115314
2024-06-24,77.79028431916404,100.02760733192615,104.1455752208394,106.78743055366122
2024-06-25,76.16465099462664,98.88214522656912,102.4102714362981,106.45346299680843
2024-06-26,76.4040892462659,99.73778299226204,102.71390021842402,106.07596361057313
2024-06-27,73.5435073117272,102.41512561704545,101.35400987287343,105.90169990088836
2024-06-28,74.4256267508512,102.47032975178566,101.7625277770504,105.81459077807179
2024-07-01,73.2788699295923,102.26331687878792,99.68679993029214,105.21927312074342
2024-07-02,72.48496295117994,101.47667638468616,98.25327387697644,104.83447675423044
2024-07-03,71.45162805711293,101.40767911309499,98.56243323801174,104.03588932231284
2024-07-05,71.35081086316117,102.26331687878792,99.38866786638843,104.84173963646943
2024-07-08,71.69105597276757,102.856748165855,98.6875597641129,104.7255903507097
2024-07-09,72.61097927562733,103.16036564237008,97.8723524328678,105.23378751920856
2024-07-10,72.49756768442006,104.56803422635295,98.79429993706427,106.22841594151504
2024-07-11,73.35447765706381,105.56168759345246,99.86527961252538,106.97619729579822
2024-07-12,74.35000868739507,107.2177800483223,100.85900048669095,107.64410967747801
2024-07-15,73.93415585031717,106.73474650162353,100.23149423149333,107.26658755921692
2024-07-16,75.68580033130965,108.28043068701298,102.20784096131845,108.79845331296545
2024-07-17,77.62644862700398,108.87386197408007,102.14158688336303,109.29212471698628
2024-07-18,75.49677584463858,107.17637957954518,99.48436945531247,106.80921920037827
2024-07-19,75.06830793833593,107.79740766942632,98.33055525206346,107.35369668203352
2024-07-22,74.33553314093932,108.17002241753258,100.55166960276448,107.9708143520918
2024-07-23,73.87675495974806,107.78360400346322,101.62267185201705,107.90547114396647
2024-07-24,74.60315245463613,108.11481828279237,105.76124919750171,108.80571619520445
2024-07-25,74.7433445819854,107.47998652694815,109.39933172547742,108.26120461551052
2024-07-26,77.73817028472641,108.51504036282478,111.72531262443803,108.87104803731688
2024-07-29,78.46457811559911,109.90891580995668,111.16957973920951,108.93640261145512
2024-07-30,80.51635374990039,113.86972561239159,113.18275560981293,109.03077461651071
2024-07-31,76.88433009951383,112.62765890351723,112.86624847965514,108.63147521754549
2024-08-01,76.50200719653265,114.82196798160184,114.41749685547084,109.74226429162461
2024-08-02,75.59717959920566,115.42920293463202,113.29867202899557,109.52446875255734
2024-08-05,73.67284665522887,113.66271273939384,110.04890386183395,106.59868654355003
2024-08-06,74.34827740997176,113.78691414572523,110.78315028998293,107.09234658155795
2024-08-07,71.9651611168114,113.01407731758655,108.08726395714952,106.00334615419588
2024-08-08,73.72381856336636,115.0841849893398,110.41878672191527,108.34832510434
2024-08-09,72.78076849492663,115.42920293463202,109.7084572258255,108.88556243578202
2024-08-12,71.12405486464667,112.84846491336593,110.24028446589055,108.47174863835166
2024-08-13,71.13680430167142,112.54485796596296,111.18614890214621,109.78581885303291
2024-08-14,71.35344653923845,111.77201060871218,110.79785711512362,110.17784400374624
2024-08-15,73.35425543339456,111.16478618479412,111.0904473132222,110.86755639815597
2024-08-16,74.3610165110119,112.44825336244561,111.14382304314574,110.98370568391573
2024-08-19,74.93449311349521,112.26883729226194,111.80996434243899,111.65889231384745
2024-08-20,75.06194613980432,111.66161286834388,113.08705402088887,112.10900915645998
2024-08-21,74.32279403989918,110.43333929632048,112.2828852736711,112.29777589859697
2024-08-22,73.58364710798634,110.52994389983782,111.12172330129961,112.37038198896133
2024-08-23,74.87078210431758,110.75076043879864,111.5376002614948,112.85679051074315
2024-08-26,74.80706075915533,110.06072454821422,111.44008148235768,112.79872155086971
2024-08-27,73.22680757507774,110.00552041347402,112.32523370646305,112.9729511625158
2024-08-28,72.94644916034079,110.93016597987024,112.82941933887685,113.10362621275358
2024-08-29,72.60236423244926,111.45459999534613,112.5607460728375,113.34321039853788
2024-08-30,72.94644916034079,112.1170285540044,113.18459537381746,114.1272947980032
2024-09-03,73.12485859081046,113.38670259480492,111.59465551942746,113.90948789292305
2024-09-04,75.57169622913307,112.64146256948028,112.60123216783342,113.71348100057286
2024-09-05,74.00418731408793,111.77201060871218,111.67746747342389,112.15257508388117
2024-09-06,73.59638620902648,112.57245476877702,112.49634304578235,111.76779008338107
2024-09-09,71.9651611168114,114.11813895416645,114.16908356727306,112.55186311683352
2024-09-10,72.56412108936729,113.11068192110389,114.86652342843522,113.0673231675714
2024-09-11,71.50637776762784,110.41954615946952,113.80842210100597,112.7333669767315
2024-09-12,73.3160174583049,110.98537011461045,113.01712041492435,113.13992925793575
2024-09-13,73.88949922878051,111.992827147673,112.53837544549377,113.37226192749392
2024-09-16,74.38651021706912,114.13193209101745,113.08709916847181,114.15633496094637
2024-09-17,73.69833519329376,113.1658860558441,112.41315862422674,112.98021404475482
2024-09-18,74.45022122624675,112.77946764177476,112.34503092157955,112.79145866863072
2024-09-19,74.42474819215877,113.71791687413403,114.21033717117888,113.19800958382207
2024-09-20,73.2905340882323,112.32404142700214,113.00240230288792,112.7333669767315
2024-09-23,73.36698936644238,112.42064603051946,112.3873793543715,112.51258217627323
2024-09-24,74.0169367511127,112.07562808522727,112.66911155877449,112.28668267001282
2024-09-25,74.73059514496063,110.21253328647175,110.44107834098887,111.19360184402194
2024-09-26,75.20212276317665,110.5437475658009,114.04092086621958,111.56525909962993
2024-09-27,78.22244217197488,111.53740093290038,113.13681794417772,111.50696281949861
2024-09-30,80.13404118290383,112.42064603051946,113.90097464602039,112.23566063813344
2024-10-01,78.42635047649405,111.1785793216451,112.864307133589,111.64542358856852
2024-10-02,79.31842346880399,110.08832135102828,112.82377589101011,111.41951271629522
2024-10-03,80.18500792304901,109.32928818885269,110.65098074094408,110.41389335952063
2024-10-04,82.31324400355268,110.73695677283557,110.22563407522851,110.50134346272402
2024-10-07,83.15436059170204,110.24013008928581,110.2698109851293,110.01308228084055
2024-10-08,83.98271740684203,110.76456410476172,109.64373816568983,110.61063904270894
2024-10-09,84.07191695408456,110.57135489772705,110.34346926668587,111.74013657401093
2024-10-10,85.19339195697088,110.29533422402602,109.33810031612336,111.32477699882703
2024-10-11,84.91301287026468,110.14352548576849,109.91443178606546,112.14093628667811
2024-10-14,85.97077686397337,112.64146256948028,111.17944448608054,112.76032715931512
2024-10-15,82.83575903388312,112.69666670422049,110.57732245938749,111.38307327895834
2024-10-16,82.86123723596339,113.08308511828984,108.92562071154397,111.69642288842212
2024-10-17,81.14080742851348,111.05437791531372,110.34346926668587,111.04787819271303
2024-10-18,76.89707436854628,112.57245476877702,110.79644625315694,111.58712730843723
2024-10-21,74.95772840691366,111.992827147673,109.62900876675765,110.27543259045073
2024-10-22,73.25678193046632,112.58625843474009,107.97365006469649,110.11511497858643
2024-10-23,73.16657462472365,112.26883729226194,106.15253201189367,109.59772270565664
2024-10-24,72.31610913848844,111.66161286834388,102.63368425044628,108.87631050128664
2024-10-25,72.79288743688977,111.55120459886348,102.08129228635488,108.27876510543113
2024-10-28,73.91396967236065,111.04057424935066,101.74247096333204,108.43909408330832
2024-10-29,72.48361927317977,111.55120459886348,100.86414731114542,108.14031570237412
2024-10-30,72.66402871667277,111.992827147673,101.38893152827278,107.93628440492103
2024-10-31,72.75423085442313,111.60640873360367,100.59715579257033,107.02540076561462
2024-11-01,71.91663883702809,113.62131227061671,102.73313308875383,107.65937423279412
2024-11-04,70.421864245731,115.53961120411242,102.2819958662873,106.95252189094084
2024-11-05,71.31100181840976,108.74966056774869,103.26159683389031,107.73952735571983
2024-11-06,79.39050662552118,111.08197471812777,103.05720243905303,107.87796539276395
2024-11-07,73.54027731653446,109.42589279237,102.359333675853,108.65769660929104
2024-11-08,71.56872442683606,108.69445643300848,101.59517697401034,109.43742782581813
2024-11-11,71.91663883702809,109.56389786466447,100.70763192800946,108.79614601234803
2024-11-12,69.6229339787949,110.07452821417729,99.5715042903748,107.28045409494713
2024-11-13,69.9322021425049,109.27408405411248,99.78326902812604,106.99626967456832
2024-11-14,70.988849849875,107.01076717532456,98.14813644321923,105.31292906698673
2024-11-15,68.54051349378297,108.47363989404766,94.47648668733221,103.35998663356885
2024-11-18,72.22590183274579,108.7358569017856,92.30550872747926,103.43286550824263
2024-11-19,71.86509844973668,108.43223942527051,93.74730243191969,102.90091337279613
2024-11-20,73.23100915282446,107.70080306590897,94.43229284708785,104.11787237331443
2024-11-21,73.57892873100879,108.63925229826827,95.03255817943274,104.95586577193414
2024-11-22,74.75155135377108,108.98427024356047,94.50963065665353,105.05061285541521
2024-11-25,77.41895890381508,110.03312774540018,94.68270955927832,105.94691390017911
2024-11-26,76.0401488919256,109.0256707123376,94.45805518659948,106.51530547296252
2024-11-27,77.26432223796392,109.63290566536776,96.05636991762371,107.08369704574592
2024-11-29,77.12257454492986,109.71570660292203,97.52393724847153,107.41890349800414
2024-12-02,76.13036136566058,109.0256707123376,97.58286613109594,107.22942069705483
2024-12-03,76.27209872271003,106.91416257180724,98.40594042866726,106.98897269429062
2024-12-04,74.8030917410625,106.08612160892834,97.38397974137658,106.93066504814644
2024-12-05,73.26966573529108,104.88545536883112,95.90904206761482,105.73558562244834
2024-12-06,71.24657245830129,103.97460293928586,97.47421847276563,105.13805159260572
2024-12-09,72.25167461038764,104.59564155827911,98.92335430288068,105.44410422179182
2024-12-10,71.06617335079288,106.03091747418813,98.66925241923323,105.00686507178773
2024-12-11,66.69781932430155,104.23681994702383,98.39490184463995,103.57861189157734
2024-12-12,63.888684753192706,103.62958499399366,96.67138157924438,102.75516698946143
2024-12-13,63.61807317194934,101.64228878890678,97.0915136991311,102.74059576093184
2024-12-16,60.04865974837872,99.97240319718594,97.71251870238623,101.51636251216163
2024-12-17,56.74985273805917,99.72398985541108,97.45085459859736,101.44349500350074
2024-12-18,58.347702935946764,98.63373188479426,95.11795483255213,100.06624112314393
2024-12-19,56.414806628715,97.65388218365783,95.21192952642895,99.30837811542413
2024-12-20,57.162201676352,98.88214522656912,96.56819677844906,100.56176518726643
2024-12-23,56.87870629028385,100.05520413474021,96.7966886956773,101.56607745255826
2024-12-24,57.02045398331793,100.30361747651509,97.47665644224405,101.9833237858825
2024-12-26,57.883808442370224,100.3588216112553,97.14495715042904,102.18827573037998
2024-12-27,57.32971697903563,100.19320920703467,96.94041602594721,101.7124716986279
2024-12-30,56.62098368185756,99.73778299226204,95.6081334273607,100.46073269865516
2024-12-31,57.84515185990359,99.48936965048718,95.86425566534444,100.70231730270875
2025-01-02,56.9817974008513,99.00634663290052,96.2954715168414,100.73158478590977
2025-01-03,58.979123068191555,101.00745703306258,98.03683636439156,101.71981414295716
2025-01-06,59.04354726030774,101.8078906640153,98.98952937256598,101.76372105076517
2025-01-07,58.99200170502402,100.31742114247815,100.5484754112719,102.26880393173118
2025-01-08,59.28838606390925,100.38641841406934,100.41579795192506,102.79584594960764
2025-01-10,61.865581140218275,98.95114249816031,99.93300098692617,102.21755457959392
2025-01-13,66.38855632858385,97.00524676185054,102.36724578976215,103.54981041490494
2025-01-14,66.45298568869235,96.88103482640706,102.63813128736527,102.48107558853215
2025-01-15,67.18748659551996,94.87993495535709,101.6209336700741,102.8983219218564
2025-01-16,66.95553676473553,96.563624213041,103.50791075948167,103.30827127490294
2025-01-17,67.80600741896305,96.23240993371186,103.12830988217382,102.61284177600771
2025-01-21,68.48897827448386,97.11565503133095,105.59939511268385,104.3111173245315
2025-01-22,68.28279605334899,98.2473134707249,105.88134176810576,104.0768524327814
2025-01-23,70.23372865373697,97.57107071699147,105.92924335359857,105.46767733253317
2025-01-24,71.18636534790872,98.012693265801,105.92371277468916,105.63601934950036
2025-01-27,73.33956799925416,100.4002220800324,107.54901447341214,108.00774252798313
2025-01-28,74.81419775653319,99.04774710167763,107.66877972403992,107.25376669667295
2025-01-29,74.25306231968229,98.55093094723999,104.70935566272588,106.62423734053483
2025-01-30,74.14865337107621,99.5997779199676,111.80569789585175,107.85400583758422
2025-01-31,73.70496055943309,99.55837745119047,110.14908634836418,107.5099679933077
2025-02-03,73.01333331679575,98.97874983008646,109.41200690938608,107.92721432663193
2025-02-04,73.53531604391843,98.78554062305179,106.9832926854595,107.63441446847976
2025-02-05,72.67403394978179,100.4692298807357,107.3168091674876,108.66655073333516
2025-02-06,70.78182007800154,90.3256938658551,105.53490179046285,107.69298353292052
2025-02-07,70.48167342071582,89.12503815486997,105.30638729944314,107.18788928594161
2025-02-10,70.84707114888707,90.03588005530311,101.87707848184932,107.09274439200924
2025-02-11,71.77359914591692,88.97322941661243,100.47108116722757,106.89508942778944
2025-02-12,82.50049586886199,87.67595857299786,99.1387872817453,106.74137546941634
2025-02-13,86.6111737988578,87.8001652438853,98.15109360990141,107.15861043672767
2025-02-14,85.9064767036726,87.2757417575215,98.0055152287312,105.99471935040962
2025-02-18,85.56718767264324,88.2279893912878,96.39128597472278,105.78975603989925
2025-02-19,86.65030583661681,88.60060413939406,97.82308513299124,107.16593014903115
2025-02-20,84.9407959969145,88.76621654361469,99.10746614608493,107.76616928994245
2025-02-21,82.83978489989133,89.00082621942649,98.13449058627748,107.18788928594161
2025-02-24,82.2394967533122,89.71846944193706,98.6873227393025,108.05898051410749
2025-02-25,83.07468048629154,90.02208691845213,99.42441346517631,108.98862944070125
2025-02-26,83.33567443384902,88.82142067835488,98.27085886052919,108.20539749220292
2025-02-27,84.1447649736634,87.23433602418832,96.41708781836947,107.76616928994245
2025-02-28,85.76293054931521,87.4827493659632,97.47296562733922,109.01790828991516
2025-03-03,84.69285639792797,87.31714222629863,96.49264229840927,109.49371232166725
2025-03-04,83.79241642607079,85.97847091390692,95.18981849768709,108.47622684743175
2025-03-05,86.06307720660094,85.6748587019479,96.59398733520004,109.56692081071498
2025-03-06,85.14958288617281,86.2544863230519,97.22972173738734,109.26680124025934
2025-03-07,86.55896674055862,89.06983402012976,97.97973595887596,109.27410958654991
2025-03-10,85.12350002899244,90.56031407077901,97.07494453619437,108.0955790756249
2025-03-11,84.79724984255711,86.37869299393934,94.7530946410722,106.917037198687
2025-03-12,84.61454581047919,84.32238372359312,94.46747974453692,105.8483137383271
2025-03-13,85.80207809105114,83.77035816985922,93.7764451967035,105.28467315893324
2025-03-14,85.71073382700062,83.78415657126624,96.2810017165111,106.0898756103549
2025-03-17,86.97655602305214,85.3160370906926,95.82361155380823,107.43678223628577
2025-03-18,88.17714265219504,85.53684836509738,96.17955509765875,107.48800885639724
2025-03-19,88.62082512785354,84.83301407310594,95.60965715828472,107.54657792083799
2025-03-20,89.5734514860407,84.19817705270567,95.65209588624253,107.61245533156934
2025-03-21,87.49855425415173,84.83301407310594,95.48240869578567,107.3123357611137
2025-03-24,88.17714265219504,85.41264169420995,95.88447049560308,108.131677532575
2025-03-25,86.75470444923828,83.90836324215368,94.85904473132221,106.7501841294089
2025-03-26,87.69428679483909,84.84681247451297,94.735487083728,106.3607163315966
2025-03-27,88.20323067736771,86.00607298127703,94.36846545171511,106.52974030933741
2025-03-28,87.61599171136722,84.62600120010819,92.24384841608735,106.19905753021087
2025-03-31,88.412017566626,85.24703455454538,91.77171192410873,107.29395691826473
2025-04-01,88.71216422391174,84.7088074022185,89.0735230645457,105.33193304054484
2025-04-02,88.82961201711184,83.57714896282454,90.19668770243048,106.03738736281223
2025-04-03,88.09883723273857,85.13662628506498,86.68701618721438,105.17761668348837
2025-04-04,83.07468048629154,83.99116944426399,80.7631679697764,99.40912645371304
2025-04-07,83.32262525327039,84.55699866396097,80.75578633996672,98.81391109050074
2025-04-08,88.25542739968229,80.67899506363638,77.33279254053575,97.71900033643398
2025-04-09,91.58311831901335,81.8520592363635,83.64763011307663,101.96636569464523
2025-04-10,90.00410028509746,78.8849028010281,78.83219456079979,99.1225438046137
2025-04-11,90.70879738028268,79.83715043479442,80.80742388794732,100.57752984714985
2025-04-14,90.30422627041396,81.20342381455622,82.86933093087995,101.80470689325949
2025-04-15,89.93884921421194,79.8509541007575,81.33304897880681,101.18009902070433
2025-04-16,89.45601402882521,77.97405563603891,80.55661213440615,100.15130436363965
2025-04-17,87.81173458803919,79.43693361931807,78.84326136206646,99.56345417678241
2025-04-21,85.04518944154364,78.58128532451303,77.80123821760955,97.4177214326632
2025-04-22,86.29110969921562,80.30637505097407,80.17667829367419,99.2474676523273
2025-04-23,86.44932261574417,80.25117618078991,79.60679728464378,99.73980923283959
2025-04-24,86.91076748096654,80.44438538782458,78.68833743122894,100.95964383461997
2025-04-25,86.1197132343084,80.07176537516226,78.24201971324061,101.44464297080297
2025-04-28,85.60552383958677,80.15457157727258,77.70717887201472,101.84879565727378
2025-04-29,85.73736965935798,80.54098999134192,78.84879194097586,102.34849104812824
2025-04-30,87.95232465079617,80.32017871693714,79.11990317649365,103.22294661611065
2025-05-01,91.56481329025709,79.05050994069268,77.43976409484965,100.40850586940905
2025-05-02,88.94114762711116,74.74468745752161,78.11476560729368,101.79736444893024
2025-05-05,88.46651921351013,72.77118438928571,77.87869453958044,101.51077043381798
2025-05-06,87.31948332066658,73.29561314020555,75.06616378278956,98.71103730780072
2025-05-07,88.04461465743911,76.49737925135275,75.21923666272679,99.46792283841167
2025-05-08,89.45533185384049,77.53243308722938,75.75961372630994,98.57141720541568
2025-05-09,88.29511758061061,78.31907358133112,74.34873482928344,97.49853378433673
2025-05-12,85.44731092305821,81.1620233457791,79.78200376711432,99.9088218445675
2025-05-13,79.7648863243244,78.8296986662879,79.11068742612727,96.90331842112442
2025-05-14,79.15841209095211,76.40077464783542,74.88726084196631,94.6253307509752
2025-05-15,79.7253356791884,76.92520339875527,74.6806993631482,95.86720405175627
2025-05-16,82.44129651696956,78.37427771607133,75.99568479402318,97.79983542013329
2025-05-19,82.77090073041302,77.87745103252158,76.33872177260245,98.7404184511307
2025-05-20,84.03659372665683,77.93265516726179,76.30736677625491,98.98292370222865
2025-05-21,81.88756164510426,75.6555346225108,73.45425398585435,96.69022841139511
2025-05-22,79.39572629775263,75.18631000633115,73.86000095712876,95.93335424679705
2025-05-23,80.19996926078174,74.91029459718618,72.6021949400395,95.7790151577148
2025-05-27,80.87236640403962,85.79906010827928,74.42618550780647,97.11643116287951
2025-05-28,82.33582812994028,87.92437191477273,74.1643013095508,96.61674713803795
2025-05-29,82.77090073041302,86.83411394415592,74.46307672651129,97.26339370959383
2025-05-30,84.43212084998589,85.79906010827928,74.29156105894559,97.46915264100676
2025-06-02,83.85201371337095,85.57824883387451,73.12043275764145,97.52793765969247
2025-06-03,83.83883016499229,86.99972634837651,73.75855998172426,97.75573529010612
2025-06-04,83.81246306823496,86.35109092656924,74.4464849897831,97.94678660083473
2025-06-05,83.1664381897267,87.04112681715365,73.469005958578,97.81453167480473
2025-06-06,83.82564661661362,88.78002020957777,74.12188515538443,98.74778362748575
2025-06-09,84.19480664318537,89.1112344889069,75.3446453612213,98.57875964974495
2025-06-10,84.72218475427799,89.89787498300863,76.45306366983031,99.70306291315457
2025-06-11,86.64708617740871,89.12503815486997,76.5655658030536,99.75450548751103
2025-06-12,87.47769623719513,90.00828325248905,76.59876620685358,100.53342971712267
2025-06-13,88.94114762711116,89.35964783068177,74.35748217347687,100.03374569228112
2025-06-16,89.27075184055462,89.95307911774884,74.78579164932248,99.72512434418105
2025-06-17,88.45332016115454,88.51780320183981,72.04973525457368,98.0790756249034
2025-06-18,88.12371594771108,88.28319352602801,72.47435391551443,97.91006301317549
2025-06-20,87.7677446375103,88.98703308257551,73.45653958224038,97.43976013166389
2025-06-23,88.08416013458279,88.91802528187223,73.8866944655384,97.58005082880966
2025-06-24,89.0993502076551,89.47005610016218,74.65471692916977,98.77617592769397
2025-06-25,87.50407366993707,88.6972087429114,75.81412943270256,98.86476263218672
2025-06-26,89.8376702607986,89.85647451423152,76.08551719716581,99.10105067423189
2025-06-27,90.29912029401328,89.71846944193706,75.37658163269913,98.88691499131636
2025-06-30,90.94516067649846,89.9254823149348,74.85595099320167,99.52190003364339
2025-07-01,91.7362149231566,90.1600919907466,77.81171810029807,100.93953735781118
2025-07-02,87.80729011465398,90.11869152196947,78.97298165473116,99.94276075906781
2025-07-03,88.90160214996749,89.40104829945889,79.26282913716648,100.04613464633513
2025-07-07,87.9127791736525,88.83522434431796,77.30032014151058,99.20441319548632
2025-07-08,88.25557210346693,89.56666070367952,78.67943207049524,99.65480282240831
2025-07-09,87.88641207689518,90.87772468414506,77.51816851606216,100.0387467379543
2025-07-10,86.51524035763747,92.25779646531389,79.52129340601492,100.65157942115171
2025-07-11,85.40775510992992,90.69831914307346,80.28377400384116,99.81723451267082
2025-07-14,84.85402023806459,89.18024228961018,78.52619553056988,99.6991075406676
2025-07-15,84.30027503021466,87.30333856033555,77.16923977791001,97.90492557534756
2025-07-16,84.11570018492111,88.13138478777049,76.85907588315445,99.12319166734864
2025-07-17,83.45648659004188,88.3521907976192,78.45973264504337,97.99352364585322
2025-07-18,81.6897877474551,88.31079559339811,76.57107380817153,97.3437741527774
2025-07-21,81.26789869536101,87.89676984740264,74.75995030154071,96.79002200460096
2025-07-22,81.40784275907946,90.2152961254868,78.94712902005365,98.59159187830183
2025-07-23,82.434097503684,91.01572975643953,86.1639137175513,100.61466261127327
2025-07-24,78.30240134897002,91.22274262943726,87.69995300136617,100.23809523809524
2025-07-25,80.90137434486654,91.77477344772723,88.30735729526248,100.76971775916783
2025-07-28,79.48859511953411,90.65691867429634,89.53322704087391,99.89107949844058
2025-07-29,79.96840702942045,91.13994169188301,89.01629285972918,99.25609445611356
2025-07-30,83.03386368304,89.67706897315992,88.11534462504481,99.07889831510225
2025-07-31,82.7673038077664,92.21639599653676,86.34300289215416,96.30270420178765
2025-08-01,83.26044396981604,92.68562587727246,85.48636701011938,96.81956227211144
2025-08-04,81.9009777531368,93.72067971314908,86.13807236976953,98.20764796275586
2025-08-05,84.5266072533599,93.5964677777056,86.11038561453536,97.83109195559071
2025-08-06,84.65988977499285,92.3130006000541,82.88322509952785,96.36177337079572
2025-08-07,84.73985928797264,93.74827651596314,83.95401854120936,95.25424634241705
2025-08-08,87.35215536804012,93.92768205703473,85.05804624737804,96.1033557016467
2025-08-11,86.47250106124721,93.8310774535174,85.3663647346812,96.19933031452031
2025-08-12,87.31217577954254,93.77587331877719,88.13935185226988,96.86385562435783
2025-08-13,87.83197244591877,95.19735609783525,89.50184947073488,98.41437300526474
2025-08-14,88.9382018714954,93.92768205703473,89.54799594394115,98.9090787164589
2025-08-15,91.43053851410092,93.58266411174252,90.28094437908078,100.57035789301398
2025-08-18,93.52304826377681,92.8374240864179,90.00955097116966,100.33409258299461
2025-08-19,94.58929810085584,93.5964677777056,91.99421614315034,100.97644280167673
2025-08-20,94.38937948639872,94.89373862132017,91.35173217731443,101.5228184074852
2025-08-21,95.20238736438283,92.69941901412344,89.3116878514175,101.1831792101985
2025-08-22,95.0291252542523,94.20370273073576,92.3080652093629,102.01751275266646
2025-08-25,94.90917615277495,92.64421487938324,90.60218071855087,100.56296998463314
2025-08-26,95.362336726327,91.95417898879882,90.18309263651952,101.19056711857934
2025-08-27,95.86878963656301,92.09219459020538,90.11662975099301,101.13149794957128
2025-08-28,96.14868809998453,91.94038585194784,90.41570991413833,100.73277821726361
2025-08-29,97.49482606450047,92.63042174253225,90.96588400321812,101.47113714685798
2025-09-02,98.74765075989642,91.92658218598476,90.00769992026937,101.56712312574447
2025-09-03,97.7214011832842,91.41595183647195,89.45753711808531,101.0872045973249
2025-09-04,98.21454134533383,91.62296470946968,90.3695577974842,101.47113714685798
2025-09-05,98.33449044681117,92.13359505898251,90.94372782689332,101.81816425252552
2025-09-08,93.64301803722338,91.82997758246742,90.02985609659416,101.78125880866
2025-09-09,95.6288914336083,92.0783909242423,89.06245061983117,102.32762304845559
2025-09-10,98.5877220699215,90.40850533252147,87.97873368253484,101.39730352710113
2025-09-11,99.52068938536758,91.6091610435066,90.72402840144147,103.16195659092355
2025-09-12,99.93386003443744,88.94562208468628,88.5178183965565,101.97321940042008
2025-09-15,97.90798637758571,88.04857858566018,87.6733497881224,101.10195768206079
2025-09-16,97.93465321789692,87.39994842840893,88.83380632951054,101.10195768206079
2025-09-17,98.62770165841907,94.1208912640694,87.33704544284812,101.30131754821463
2025-09-18,99.18747791329288,94.21749586758673,88.90033129296356,101.50067741436845
2025-09-19,99.85388018547305,91.54016377191543,88.61945124918847,101.36777462560353
2025-09-22,100.13377864889456,92.86503141834405,87.77128618240165,101.34181465215455
2025-09-23,101.95972335530455,93.34805443593072,86.80301161466718,101.57174909299218
2025-09-24,101.79978432934497,91.63676837543277,86.47963640845559,101.16380015821488
2025-09-25,99.44071987238779,90.79492374659081,84.85722415504041,99.48750647862735
2025-09-26,100.98676611537624,92.75462314886363,85.78484332434294,100.50366212935431
2025-09-29,100.72021140809495,92.67182221130939,85.37831755726295,100.8003491639161
2025-09-30,100.48031320514026,93.14104156293298,89.62468475700216,103.22578811933406
2025-10-01,102.45287385333879,92.52001347305185,98.07122753569142,106.41520499740855
2025-10-02,103.2258814708561,93.72067971314908,97.00502221712556,106.2075252098166
2025-10-03,103.27919447950926,94.14849859599555,100.39768248427283,107.41653936732224
2025-10-06,102.41287359287196,92.93402868993523,100.51410681376352,106.8973285323295
2025-10-07,102.78606465344427,93.47226637137422,99.63082821434989,106.97891377287978
2025-10-08,102.53282269434933,94.31410047110407,99.08016314530569,107.18659356047174
2025-10-09,102.27960140722362,94.7005294142855,98.80113979587874,106.94924847922746
2025-10-10,103.82565798619669,93.51366684015133,96.97545055030389,105.40645998708823
2025-10-13,104.54536293104543,90.40850533252147,96.93480643876768,105.28778744646607
2025-10-14,106.1713890229983,90.97432928766239,97.165792759953,105.57705247460834
2025-10-15,107.51752698751424,92.46480933831164,97.54275250365922,105.74023432172181
2025-10-16,108.45049430296032,94.53491701006487,99.18919455809095,105.56223119379507
2025-10-17,109.9832174617778,96.39801180882039,99.58463095011282,106.26686716313412
2025-10-20,109.92991478910923,99.18576270308421,100.49377911454755,107.39428471407658
2025-10-21,110.67627623828456,102.09771500367938,103.10849009326589,107.64647380815988
2025-10-22,109.30349210542663,102.02870720297612,104.81036209264465,108.26211389654202
2025-10-23,108.9339703193933,101.97350306823591,105.680694622652,108.32143311783373
2025-10-24,110.08955407151488,102.11150814053039,105.78972603543724,108.3140224774271
2025-10-27,110.78827696759161,102.05630400579018,104.17840880052805,108.56621157151041
2025-10-28,110.45234713156272,102.13911547245654,103.04196512981285,107.88381888940415
2025-10-29,108.30243132332542,102.09771500367938,103.16762214001349,106.7934886385335
2025-10-30,103.04855731877116,102.02870720297612,102.78141842870158,107.03084508579066
2025-10-31,105.01035820698368,102.00111040016206,104.84547562527145,106.99375778571883
2025-11-03,105.40003516301965,102.20811274404771,104.38166321889626,107.14209561999326
2025-11-04,104.91630074697127,102.277120544751,104.44818818234928,107.62423052092711
2025-11-05,105.54785007902376,102.44273294897161,104.89167288950851,108.03959009611101
2025-11-06,105.69565465904324,102.33232467949121,104.58491763726445,108.24726988370294
2025-11-07,106.13906839910172,102.26331687878792,105.77308915112611,108.3956077179774
2025-11-10,104.19070429089099,102.53933755248894,106.50115036041315,109.24118224719714
2025-11-11,107.32153604721147,102.95335276937232,108.37487663422965,111.76303908999155
2025-11-12,107.84558080326518,102.89814863463211,108.65760208545716,113.35033688862217
2025-11-13,106.47499823513063,102.48413341774874,107.19963990287853,113.29099493530465
2025-11-14,104.55349735093881,102.33232467949121,106.9372534377627,112.61602425961792
2025-11-17,105.35972482301435,102.31852101352811,104.80296917593923,112.51959500622857
2025-11-18,104.72818582694647,102.277120544751,106.44202960056128,113.17973303508914
2025-11-19,102.86044239874637,102.35992148230524,106.02809398643225,112.98688589432335
2025-11-20,102.17514594668677,102.29092421071407,105.83407224877402,112.31191521863661
2025-11-21,104.8491168469624,102.6221384900432,108.5578146402776,114.67802358674997
2025-11-24,104.67443870693938,103.17416930833315,108.29726793916635,115.160135755658
2025-11-25,105.44034550302499,103.33977118344167,110.46111258091575,117.76360057102848
2025-11-26,107.30808893122507,103.22937344307334,109.6240312457392,117.50398947052565
2025-11-28,107.9799486032829,103.46398311888517,109.17685572367513,116.9328586886349
2025-12-01,106.2868729791212,103.28456704870146,108.12726471562893,115.18239040890367
2025-12-02,104.29819853090517,103.2569702458874,107.24398611621531,114.49258708639078
2025-12-03,100.7777001545333,103.51918725362536,107.25877194962614,115.02663056820973
2025-12-04,103.12917799878181,103.31217438062761,106.29603360424893,114.15139074533766
2025-12-05,101.62422763062952,103.46398311888517,105.83962540147489,113.67668921683625
2025-12-08,102.83355850275822,103.29837071466454,104.9970022004932,112.31932585904325
2025-12-09,105.13128922699961,103.35357484940475,104.04719863762655,111.22900697418552
2025-12-10,106.11219483909818,103.27077391185048,106.03179608823284,112.84595870045555
2025-12-11,108.61148759935078,103.27077391185048,106.97235568349377,113.9140456640934
2025-12-12,106.71686027516252,103.50538358766228,105.74908192390104,114.27007465197268
2025-12-15,107.07966367119496,103.76760059540022,106.49986365429953,115.78319785045966
2025-12-16,105.1984834629931,103.53298039047634,105.43654778104145,114.27749665839222
2025-12-17,104.64755481095122,103.40877898414496,104.03112609810208,114.06980550478735
2025-12-18,104.52662379093528,103.42258265010801,103.99969209348438,114.15881275175718
2025-12-19,104.43256633092288,103.43637578695899,105.00568182331223,114.92279067441373
2025-12-22,105.29254092300549,103.3811821813309,106.46103673297642,115.68033543377251
2025-12-23,104.8625536269642,103.32597804659069,107.24511480578865,115.44942351582603
2025-12-24,106.31375687510938,102.81534769707787,107.09347536160956,116.05277694427016
2025-12-26,106.9721694311808,102.81534769707787,107.39305214816714,116.238997699519
2025-12-29,107.52307741125342,102.82915136304094,108.19377839218622,116.06022168271548
2025-12-30,107.29465215122332,102.87055183181808,107.89420160562864,115.96338325286195
2025-12-31,106.63623959515189,102.80154403111479,107.15450360684041,115.30789392327488
